{
	"credit": "Made with Blockbench",
	"gui_light": "front",
	"textures": {
		"block": 	"item/bow",
		"particle": "item/bow"
	},
	"elements": [
		{
			"name": "bow_0",
			"from": [11, 14, 7.5],
			"to": [12, 15, 8.5],
			"faces": {
				"north": {"uv": [11, 2, 12, 1], "rotation": 180, "texture": "#block"},
				"east": {"uv": [11, 1, 12, 2], "texture": "#block"},
				"south": {"uv": [11, 1, 12, 2], "texture": "#block"},
				"west": {"uv": [11, 1, 12, 2], "texture": "#block"},
				"up": {"uv": [12, 1, 11, 2], "rotation": 180, "texture": "#block"},
				"down": {"uv": [11, 1, 12, 2], "texture": "#block"}
			}
		},
		{
			"name": "bow_1",
			"from": [12, 14, 7.5],
			"to": [13, 15, 8.5],
			"faces": {
				"north": {"uv": [12, 2, 13, 1], "rotation": 180, "texture": "#block"},
				"east": {"uv": [12, 1, 13, 2], "texture": "#block"},
				"south": {"uv": [12, 1, 13, 2], "texture": "#block"},
				"west": {"uv": [12, 1, 13, 2], "texture": "#block"},
				"up": {"uv": [13, 1, 12, 2], "rotation": 180, "texture": "#block"},
				"down": {"uv": [12, 1, 13, 2], "texture": "#block"}
			}
		},
		{
			"name": "bow_2",
			"from": [13, 14, 7.5],
			"to": [14, 15, 8.5],
			"faces": {
				"north": {"uv": [13, 2, 14, 1], "rotation": 180, "texture": "#block"},
				"east": {"uv": [13, 1, 14, 2], "texture": "#block"},
				"south": {"uv": [13, 1, 14, 2], "texture": "#block"},
				"west": {"uv": [13, 1, 14, 2], "texture": "#block"},
				"up": {"uv": [14, 1, 13, 2], "rotation": 180, "texture": "#block"},
				"down": {"uv": [13, 1, 14, 2], "texture": "#block"}
			}
		},
		{
			"name": "bow_3",
			"from": [14, 14, 7.5],
			"to": [15, 15, 8.5],
			"faces": {
				"north": {"uv": [14, 2, 15, 1], "rotation": 180, "texture": "#block"},
				"east": {"uv": [14, 1, 15, 2], "texture": "#block"},
				"south": {"uv": [14, 1, 15, 2], "texture": "#block"},
				"west": {"uv": [14, 1, 15, 2], "texture": "#block"},
				"up": {"uv": [15, 1, 14, 2], "rotation": 180, "texture": "#block"},
				"down": {"uv": [14, 1, 15, 2], "texture": "#block"}
			}
		},
		{
			"name": "bow_4",
			"from": [8, 13, 7.5],
			"to": [9, 14, 8.5],
			"faces": {
				"north": {"uv": [8, 3, 9, 2], "rotation": 180, "texture": "#block"},
				"east": {"uv": [8, 2, 9, 3], "texture": "#block"},
				"south": {"uv": [8, 2, 9, 3], "texture": "#block"},
				"west": {"uv": [8, 2, 9, 3], "texture": "#block"},
				"up": {"uv": [9, 2, 8, 3], "rotation": 180, "texture": "#block"},
				"down": {"uv": [8, 2, 9, 3], "texture": "#block"}
			}
		},
		{
			"name": "bow_5",
			"from": [9, 13, 7.5],
			"to": [10, 14, 8.5],
			"faces": {
				"north": {"uv": [9, 3, 10, 2], "rotation": 180, "texture": "#block"},
				"east": {"uv": [9, 2, 10, 3], "texture": "#block"},
				"south": {"uv": [9, 2, 10, 3], "texture": "#block"},
				"west": {"uv": [9, 2, 10, 3], "texture": "#block"},
				"up": {"uv": [10, 2, 9, 3], "rotation": 180, "texture": "#block"},
				"down": {"uv": [9, 2, 10, 3], "texture": "#block"}
			}
		},
		{
			"name": "bow_6",
			"from": [10, 13, 7.5],
			"to": [11, 14, 8.5],
			"faces": {
				"north": {"uv": [10, 3, 11, 2], "rotation": 180, "texture": "#block"},
				"east": {"uv": [10, 2, 11, 3], "texture": "#block"},
				"south": {"uv": [10, 2, 11, 3], "texture": "#block"},
				"west": {"uv": [10, 2, 11, 3], "texture": "#block"},
				"up": {"uv": [11, 2, 10, 3], "rotation": 180, "texture": "#block"},
				"down": {"uv": [10, 2, 11, 3], "texture": "#block"}
			}
		},
		{
			"name": "bow_7",
			"from": [11, 13, 7.5],
			"to": [12, 14, 8.5],
			"faces": {
				"north": {"uv": [11, 3, 12, 2], "rotation": 180, "texture": "#block"},
				"east": {"uv": [11, 2, 12, 3], "texture": "#block"},
				"south": {"uv": [11, 2, 12, 3], "texture": "#block"},
				"west": {"uv": [11, 2, 12, 3], "texture": "#block"},
				"up": {"uv": [12, 2, 11, 3], "rotation": 180, "texture": "#block"},
				"down": {"uv": [11, 2, 12, 3], "texture": "#block"}
			}
		},
		{
			"name": "bow_8",
			"from": [12, 13, 7.5],
			"to": [13, 14, 8.5],
			"faces": {
				"north": {"uv": [12, 3, 13, 2], "rotation": 180, "texture": "#block"},
				"east": {"uv": [12, 2, 13, 3], "texture": "#block"},
				"south": {"uv": [12, 2, 13, 3], "texture": "#block"},
				"west": {"uv": [12, 2, 13, 3], "texture": "#block"},
				"up": {"uv": [13, 2, 12, 3], "rotation": 180, "texture": "#block"},
				"down": {"uv": [12, 2, 13, 3], "texture": "#block"}
			}
		},
		{
			"name": "bow_9",
			"from": [13, 13, 7.5],
			"to": [14, 14, 8.5],
			"faces": {
				"north": {"uv": [13, 3, 14, 2], "rotation": 180, "texture": "#block"},
				"east": {"uv": [13, 2, 14, 3], "texture": "#block"},
				"south": {"uv": [13, 2, 14, 3], "texture": "#block"},
				"west": {"uv": [13, 2, 14, 3], "texture": "#block"},
				"up": {"uv": [14, 2, 13, 3], "rotation": 180, "texture": "#block"},
				"down": {"uv": [13, 2, 14, 3], "texture": "#block"}
			}
		},
		{
			"name": "bow_10",
			"from": [14, 13, 7.5],
			"to": [15, 14, 8.5],
			"faces": {
				"north": {"uv": [14, 3, 15, 2], "rotation": 180, "texture": "#block"},
				"east": {"uv": [14, 2, 15, 3], "texture": "#block"},
				"south": {"uv": [14, 2, 15, 3], "texture": "#block"},
				"west": {"uv": [14, 2, 15, 3], "texture": "#block"},
				"up": {"uv": [15, 2, 14, 3], "rotation": 180, "texture": "#block"},
				"down": {"uv": [14, 2, 15, 3], "texture": "#block"}
			}
		},
		{
			"name": "bow_11",
			"from": [15, 13, 7.5],
			"to": [16, 14, 8.5],
			"faces": {
				"north": {"uv": [15, 3, 16, 2], "rotation": 180, "texture": "#block"},
				"east": {"uv": [15, 2, 16, 3], "texture": "#block"},
				"south": {"uv": [15, 2, 16, 3], "texture": "#block"},
				"west": {"uv": [15, 2, 16, 3], "texture": "#block"},
				"up": {"uv": [16, 2, 15, 3], "rotation": 180, "texture": "#block"},
				"down": {"uv": [15, 2, 16, 3], "texture": "#block"}
			}
		},
		{
			"name": "bow_12",
			"from": [6, 12, 7.5],
			"to": [7, 13, 8.5],
			"faces": {
				"north": {"uv": [6, 4, 7, 3], "rotation": 180, "texture": "#block"},
				"east": {"uv": [6, 3, 7, 4], "texture": "#block"},
				"south": {"uv": [6, 3, 7, 4], "texture": "#block"},
				"west": {"uv": [6, 3, 7, 4], "texture": "#block"},
				"up": {"uv": [7, 3, 6, 4], "rotation": 180, "texture": "#block"},
				"down": {"uv": [6, 3, 7, 4], "texture": "#block"}
			}
		},
		{
			"name": "bow_13",
			"from": [7, 12, 7.5],
			"to": [8, 13, 8.5],
			"faces": {
				"north": {"uv": [7, 4, 8, 3], "rotation": 180, "texture": "#block"},
				"east": {"uv": [7, 3, 8, 4], "texture": "#block"},
				"south": {"uv": [7, 3, 8, 4], "texture": "#block"},
				"west": {"uv": [7, 3, 8, 4], "texture": "#block"},
				"up": {"uv": [8, 3, 7, 4], "rotation": 180, "texture": "#block"},
				"down": {"uv": [7, 3, 8, 4], "texture": "#block"}
			}
		},
		{
			"name": "bow_14",
			"from": [8, 12, 7.5],
			"to": [9, 13, 8.5],
			"faces": {
				"north": {"uv": [8, 4, 9, 3], "rotation": 180, "texture": "#block"},
				"east": {"uv": [8, 3, 9, 4], "texture": "#block"},
				"south": {"uv": [8, 3, 9, 4], "texture": "#block"},
				"west": {"uv": [8, 3, 9, 4], "texture": "#block"},
				"up": {"uv": [9, 3, 8, 4], "rotation": 180, "texture": "#block"},
				"down": {"uv": [8, 3, 9, 4], "texture": "#block"}
			}
		},
		{
			"name": "bow_15",
			"from": [9, 12, 7.5],
			"to": [10, 13, 8.5],
			"faces": {
				"north": {"uv": [9, 4, 10, 3], "rotation": 180, "texture": "#block"},
				"east": {"uv": [9, 3, 10, 4], "texture": "#block"},
				"south": {"uv": [9, 3, 10, 4], "texture": "#block"},
				"west": {"uv": [9, 3, 10, 4], "texture": "#block"},
				"up": {"uv": [10, 3, 9, 4], "rotation": 180, "texture": "#block"},
				"down": {"uv": [9, 3, 10, 4], "texture": "#block"}
			}
		},
		{
			"name": "bow_16",
			"from": [10, 12, 7.5],
			"to": [11, 13, 8.5],
			"faces": {
				"north": {"uv": [10, 4, 11, 3], "rotation": 180, "texture": "#block"},
				"east": {"uv": [10, 3, 11, 4], "texture": "#block"},
				"south": {"uv": [10, 3, 11, 4], "texture": "#block"},
				"west": {"uv": [10, 3, 11, 4], "texture": "#block"},
				"up": {"uv": [11, 3, 10, 4], "rotation": 180, "texture": "#block"},
				"down": {"uv": [10, 3, 11, 4], "texture": "#block"}
			}
		},
		{
			"name": "bow_17",
			"from": [11, 12, 7.5],
			"to": [12, 13, 8.5],
			"faces": {
				"north": {"uv": [11, 4, 12, 3], "rotation": 180, "texture": "#block"},
				"east": {"uv": [11, 3, 12, 4], "texture": "#block"},
				"south": {"uv": [11, 3, 12, 4], "texture": "#block"},
				"west": {"uv": [11, 3, 12, 4], "texture": "#block"},
				"up": {"uv": [12, 3, 11, 4], "rotation": 180, "texture": "#block"},
				"down": {"uv": [11, 3, 12, 4], "texture": "#block"}
			}
		},
		{
			"name": "bow_18",
			"from": [12, 12, 7.5],
			"to": [13, 13, 8.5],
			"faces": {
				"north": {"uv": [12, 4, 13, 3], "rotation": 180, "texture": "#block"},
				"east": {"uv": [12, 3, 13, 4], "texture": "#block"},
				"south": {"uv": [12, 3, 13, 4], "texture": "#block"},
				"west": {"uv": [12, 3, 13, 4], "texture": "#block"},
				"up": {"uv": [13, 3, 12, 4], "rotation": 180, "texture": "#block"},
				"down": {"uv": [12, 3, 13, 4], "texture": "#block"}
			}
		},
		{
			"name": "bow_19",
			"from": [13, 12, 7.5],
			"to": [14, 13, 8.5],
			"faces": {
				"north": {"uv": [13, 4, 14, 3], "rotation": 180, "texture": "#block"},
				"east": {"uv": [13, 3, 14, 4], "texture": "#block"},
				"south": {"uv": [13, 3, 14, 4], "texture": "#block"},
				"west": {"uv": [13, 3, 14, 4], "texture": "#block"},
				"up": {"uv": [14, 3, 13, 4], "rotation": 180, "texture": "#block"},
				"down": {"uv": [13, 3, 14, 4], "texture": "#block"}
			}
		},
		{
			"name": "bow_20",
			"from": [14, 12, 7.5],
			"to": [15, 13, 8.5],
			"faces": {
				"north": {"uv": [14, 4, 15, 3], "rotation": 180, "texture": "#block"},
				"east": {"uv": [14, 3, 15, 4], "texture": "#block"},
				"south": {"uv": [14, 3, 15, 4], "texture": "#block"},
				"west": {"uv": [14, 3, 15, 4], "texture": "#block"},
				"up": {"uv": [15, 3, 14, 4], "rotation": 180, "texture": "#block"},
				"down": {"uv": [14, 3, 15, 4], "texture": "#block"}
			}
		},
		{
			"name": "bow_21",
			"from": [5, 11, 7.5],
			"to": [6, 12, 8.5],
			"faces": {
				"north": {"uv": [5, 5, 6, 4], "rotation": 180, "texture": "#block"},
				"east": {"uv": [5, 4, 6, 5], "texture": "#block"},
				"south": {"uv": [5, 4, 6, 5], "texture": "#block"},
				"west": {"uv": [5, 4, 6, 5], "texture": "#block"},
				"up": {"uv": [6, 4, 5, 5], "rotation": 180, "texture": "#block"},
				"down": {"uv": [5, 4, 6, 5], "texture": "#block"}
			}
		},
		{
			"name": "bow_22",
			"from": [6, 11, 7.5],
			"to": [7, 12, 8.5],
			"faces": {
				"north": {"uv": [6, 5, 7, 4], "rotation": 180, "texture": "#block"},
				"east": {"uv": [6, 4, 7, 5], "texture": "#block"},
				"south": {"uv": [6, 4, 7, 5], "texture": "#block"},
				"west": {"uv": [6, 4, 7, 5], "texture": "#block"},
				"up": {"uv": [7, 4, 6, 5], "rotation": 180, "texture": "#block"},
				"down": {"uv": [6, 4, 7, 5], "texture": "#block"}
			}
		},
		{
			"name": "bow_23",
			"from": [7, 11, 7.5],
			"to": [8, 12, 8.5],
			"faces": {
				"north": {"uv": [7, 5, 8, 4], "rotation": 180, "texture": "#block"},
				"east": {"uv": [7, 4, 8, 5], "texture": "#block"},
				"south": {"uv": [7, 4, 8, 5], "texture": "#block"},
				"west": {"uv": [7, 4, 8, 5], "texture": "#block"},
				"up": {"uv": [8, 4, 7, 5], "rotation": 180, "texture": "#block"},
				"down": {"uv": [7, 4, 8, 5], "texture": "#block"}
			}
		},
		{
			"name": "bow_24",
			"from": [8, 11, 7.5],
			"to": [9, 12, 8.5],
			"faces": {
				"north": {"uv": [8, 5, 9, 4], "rotation": 180, "texture": "#block"},
				"east": {"uv": [8, 4, 9, 5], "texture": "#block"},
				"south": {"uv": [8, 4, 9, 5], "texture": "#block"},
				"west": {"uv": [8, 4, 9, 5], "texture": "#block"},
				"up": {"uv": [9, 4, 8, 5], "rotation": 180, "texture": "#block"},
				"down": {"uv": [8, 4, 9, 5], "texture": "#block"}
			}
		},
		{
			"name": "bow_25",
			"from": [9, 11, 7.5],
			"to": [10, 12, 8.5],
			"faces": {
				"north": {"uv": [9, 5, 10, 4], "rotation": 180, "texture": "#block"},
				"east": {"uv": [9, 4, 10, 5], "texture": "#block"},
				"south": {"uv": [9, 4, 10, 5], "texture": "#block"},
				"west": {"uv": [9, 4, 10, 5], "texture": "#block"},
				"up": {"uv": [10, 4, 9, 5], "rotation": 180, "texture": "#block"},
				"down": {"uv": [9, 4, 10, 5], "texture": "#block"}
			}
		},
		{
			"name": "bow_26",
			"from": [10, 11, 7.5],
			"to": [11, 12, 8.5],
			"faces": {
				"north": {"uv": [10, 5, 11, 4], "rotation": 180, "texture": "#block"},
				"east": {"uv": [10, 4, 11, 5], "texture": "#block"},
				"south": {"uv": [10, 4, 11, 5], "texture": "#block"},
				"west": {"uv": [10, 4, 11, 5], "texture": "#block"},
				"up": {"uv": [11, 4, 10, 5], "rotation": 180, "texture": "#block"},
				"down": {"uv": [10, 4, 11, 5], "texture": "#block"}
			}
		},
		{
			"name": "bow_27",
			"from": [13, 11, 7.5],
			"to": [14, 12, 8.5],
			"faces": {
				"north": {"uv": [13, 5, 14, 4], "rotation": 180, "texture": "#block"},
				"east": {"uv": [13, 4, 14, 5], "texture": "#block"},
				"south": {"uv": [13, 4, 14, 5], "texture": "#block"},
				"west": {"uv": [13, 4, 14, 5], "texture": "#block"},
				"up": {"uv": [14, 4, 13, 5], "rotation": 180, "texture": "#block"},
				"down": {"uv": [13, 4, 14, 5], "texture": "#block"}
			}
		},
		{
			"name": "bow_28",
			"from": [4, 10, 7.5],
			"to": [5, 11, 8.5],
			"faces": {
				"north": {"uv": [4, 6, 5, 5], "rotation": 180, "texture": "#block"},
				"east": {"uv": [4, 5, 5, 6], "texture": "#block"},
				"south": {"uv": [4, 5, 5, 6], "texture": "#block"},
				"west": {"uv": [4, 5, 5, 6], "texture": "#block"},
				"up": {"uv": [5, 5, 4, 6], "rotation": 180, "texture": "#block"},
				"down": {"uv": [4, 5, 5, 6], "texture": "#block"}
			}
		},
		{
			"name": "bow_29",
			"from": [5, 10, 7.5],
			"to": [6, 11, 8.5],
			"faces": {
				"north": {"uv": [5, 6, 6, 5], "rotation": 180, "texture": "#block"},
				"east": {"uv": [5, 5, 6, 6], "texture": "#block"},
				"south": {"uv": [5, 5, 6, 6], "texture": "#block"},
				"west": {"uv": [5, 5, 6, 6], "texture": "#block"},
				"up": {"uv": [6, 5, 5, 6], "rotation": 180, "texture": "#block"},
				"down": {"uv": [5, 5, 6, 6], "texture": "#block"}
			}
		},
		{
			"name": "bow_30",
			"from": [6, 10, 7.5],
			"to": [7, 11, 8.5],
			"faces": {
				"north": {"uv": [6, 6, 7, 5], "rotation": 180, "texture": "#block"},
				"east": {"uv": [6, 5, 7, 6], "texture": "#block"},
				"south": {"uv": [6, 5, 7, 6], "texture": "#block"},
				"west": {"uv": [6, 5, 7, 6], "texture": "#block"},
				"up": {"uv": [7, 5, 6, 6], "rotation": 180, "texture": "#block"},
				"down": {"uv": [6, 5, 7, 6], "texture": "#block"}
			}
		},
		{
			"name": "bow_31",
			"from": [7, 10, 7.5],
			"to": [8, 11, 8.5],
			"faces": {
				"north": {"uv": [7, 6, 8, 5], "rotation": 180, "texture": "#block"},
				"east": {"uv": [7, 5, 8, 6], "texture": "#block"},
				"south": {"uv": [7, 5, 8, 6], "texture": "#block"},
				"west": {"uv": [7, 5, 8, 6], "texture": "#block"},
				"up": {"uv": [8, 5, 7, 6], "rotation": 180, "texture": "#block"},
				"down": {"uv": [7, 5, 8, 6], "texture": "#block"}
			}
		},
		{
			"name": "bow_32",
			"from": [12, 10, 7.5],
			"to": [13, 11, 8.5],
			"faces": {
				"north": {"uv": [12, 6, 13, 5], "rotation": 180, "texture": "#block"},
				"east": {"uv": [12, 5, 13, 6], "texture": "#block"},
				"south": {"uv": [12, 5, 13, 6], "texture": "#block"},
				"west": {"uv": [12, 5, 13, 6], "texture": "#block"},
				"up": {"uv": [13, 5, 12, 6], "rotation": 180, "texture": "#block"},
				"down": {"uv": [12, 5, 13, 6], "texture": "#block"}
			}
		},
		{
			"name": "bow_33",
			"from": [3, 9, 7.5],
			"to": [4, 10, 8.5],
			"faces": {
				"north": {"uv": [3, 7, 4, 6], "rotation": 180, "texture": "#block"},
				"east": {"uv": [3, 6, 4, 7], "texture": "#block"},
				"south": {"uv": [3, 6, 4, 7], "texture": "#block"},
				"west": {"uv": [3, 6, 4, 7], "texture": "#block"},
				"up": {"uv": [4, 6, 3, 7], "rotation": 180, "texture": "#block"},
				"down": {"uv": [3, 6, 4, 7], "texture": "#block"}
			}
		},
		{
			"name": "bow_34",
			"from": [4, 9, 7.5],
			"to": [5, 10, 8.5],
			"faces": {
				"north": {"uv": [4, 7, 5, 6], "rotation": 180, "texture": "#block"},
				"east": {"uv": [4, 6, 5, 7], "texture": "#block"},
				"south": {"uv": [4, 6, 5, 7], "texture": "#block"},
				"west": {"uv": [4, 6, 5, 7], "texture": "#block"},
				"up": {"uv": [5, 6, 4, 7], "rotation": 180, "texture": "#block"},
				"down": {"uv": [4, 6, 5, 7], "texture": "#block"}
			}
		},
		{
			"name": "bow_35",
			"from": [5, 9, 7.5],
			"to": [6, 10, 8.5],
			"faces": {
				"north": {"uv": [5, 7, 6, 6], "rotation": 180, "texture": "#block"},
				"east": {"uv": [5, 6, 6, 7], "texture": "#block"},
				"south": {"uv": [5, 6, 6, 7], "texture": "#block"},
				"west": {"uv": [5, 6, 6, 7], "texture": "#block"},
				"up": {"uv": [6, 6, 5, 7], "rotation": 180, "texture": "#block"},
				"down": {"uv": [5, 6, 6, 7], "texture": "#block"}
			}
		},
		{
			"name": "bow_36",
			"from": [6, 9, 7.5],
			"to": [7, 10, 8.5],
			"faces": {
				"north": {"uv": [6, 7, 7, 6], "rotation": 180, "texture": "#block"},
				"east": {"uv": [6, 6, 7, 7], "texture": "#block"},
				"south": {"uv": [6, 6, 7, 7], "texture": "#block"},
				"west": {"uv": [6, 6, 7, 7], "texture": "#block"},
				"up": {"uv": [7, 6, 6, 7], "rotation": 180, "texture": "#block"},
				"down": {"uv": [6, 6, 7, 7], "texture": "#block"}
			}
		},
		{
			"name": "bow_37",
			"from": [11, 9, 7.5],
			"to": [12, 10, 8.5],
			"faces": {
				"north": {"uv": [11, 7, 12, 6], "rotation": 180, "texture": "#block"},
				"east": {"uv": [11, 6, 12, 7], "texture": "#block"},
				"south": {"uv": [11, 6, 12, 7], "texture": "#block"},
				"west": {"uv": [11, 6, 12, 7], "texture": "#block"},
				"up": {"uv": [12, 6, 11, 7], "rotation": 180, "texture": "#block"},
				"down": {"uv": [11, 6, 12, 7], "texture": "#block"}
			}
		},
		{
			"name": "bow_38",
			"from": [3, 8, 7.5],
			"to": [4, 9, 8.5],
			"faces": {
				"north": {"uv": [3, 8, 4, 7], "rotation": 180, "texture": "#block"},
				"east": {"uv": [3, 7, 4, 8], "texture": "#block"},
				"south": {"uv": [3, 7, 4, 8], "texture": "#block"},
				"west": {"uv": [3, 7, 4, 8], "texture": "#block"},
				"up": {"uv": [4, 7, 3, 8], "rotation": 180, "texture": "#block"},
				"down": {"uv": [3, 7, 4, 8], "texture": "#block"}
			}
		},
		{
			"name": "bow_39",
			"from": [4, 8, 7.5],
			"to": [5, 9, 8.5],
			"faces": {
				"north": {"uv": [4, 8, 5, 7], "rotation": 180, "texture": "#block"},
				"east": {"uv": [4, 7, 5, 8], "texture": "#block"},
				"south": {"uv": [4, 7, 5, 8], "texture": "#block"},
				"west": {"uv": [4, 7, 5, 8], "texture": "#block"},
				"up": {"uv": [5, 7, 4, 8], "rotation": 180, "texture": "#block"},
				"down": {"uv": [4, 7, 5, 8], "texture": "#block"}
			}
		},
		{
			"name": "bow_40",
			"from": [5, 8, 7.5],
			"to": [6, 9, 8.5],
			"faces": {
				"north": {"uv": [5, 8, 6, 7], "rotation": 180, "texture": "#block"},
				"east": {"uv": [5, 7, 6, 8], "texture": "#block"},
				"south": {"uv": [5, 7, 6, 8], "texture": "#block"},
				"west": {"uv": [5, 7, 6, 8], "texture": "#block"},
				"up": {"uv": [6, 7, 5, 8], "rotation": 180, "texture": "#block"},
				"down": {"uv": [5, 7, 6, 8], "texture": "#block"}
			}
		},
		{
			"name": "bow_41",
			"from": [10, 8, 7.5],
			"to": [11, 9, 8.5],
			"faces": {
				"north": {"uv": [10, 8, 11, 7], "rotation": 180, "texture": "#block"},
				"east": {"uv": [10, 7, 11, 8], "texture": "#block"},
				"south": {"uv": [10, 7, 11, 8], "texture": "#block"},
				"west": {"uv": [10, 7, 11, 8], "texture": "#block"},
				"up": {"uv": [11, 7, 10, 8], "rotation": 180, "texture": "#block"},
				"down": {"uv": [10, 7, 11, 8], "texture": "#block"}
			}
		},
		{
			"name": "bow_42",
			"from": [2, 7, 7.5],
			"to": [3, 8, 8.5],
			"faces": {
				"north": {"uv": [2, 9, 3, 8], "rotation": 180, "texture": "#block"},
				"east": {"uv": [2, 8, 3, 9], "texture": "#block"},
				"south": {"uv": [2, 8, 3, 9], "texture": "#block"},
				"west": {"uv": [2, 8, 3, 9], "texture": "#block"},
				"up": {"uv": [3, 8, 2, 9], "rotation": 180, "texture": "#block"},
				"down": {"uv": [2, 8, 3, 9], "texture": "#block"}
			}
		},
		{
			"name": "bow_43",
			"from": [3, 7, 7.5],
			"to": [4, 8, 8.5],
			"faces": {
				"north": {"uv": [3, 9, 4, 8], "rotation": 180, "texture": "#block"},
				"east": {"uv": [3, 8, 4, 9], "texture": "#block"},
				"south": {"uv": [3, 8, 4, 9], "texture": "#block"},
				"west": {"uv": [3, 8, 4, 9], "texture": "#block"},
				"up": {"uv": [4, 8, 3, 9], "rotation": 180, "texture": "#block"},
				"down": {"uv": [3, 8, 4, 9], "texture": "#block"}
			}
		},
		{
			"name": "bow_44",
			"from": [4, 7, 7.5],
			"to": [5, 8, 8.5],
			"faces": {
				"north": {"uv": [4, 9, 5, 8], "rotation": 180, "texture": "#block"},
				"east": {"uv": [4, 8, 5, 9], "texture": "#block"},
				"south": {"uv": [4, 8, 5, 9], "texture": "#block"},
				"west": {"uv": [4, 8, 5, 9], "texture": "#block"},
				"up": {"uv": [5, 8, 4, 9], "rotation": 180, "texture": "#block"},
				"down": {"uv": [4, 8, 5, 9], "texture": "#block"}
			}
		},
		{
			"name": "bow_45",
			"from": [9, 7, 7.5],
			"to": [10, 8, 8.5],
			"faces": {
				"north": {"uv": [9, 9, 10, 8], "rotation": 180, "texture": "#block"},
				"east": {"uv": [9, 8, 10, 9], "texture": "#block"},
				"south": {"uv": [9, 8, 10, 9], "texture": "#block"},
				"west": {"uv": [9, 8, 10, 9], "texture": "#block"},
				"up": {"uv": [10, 8, 9, 9], "rotation": 180, "texture": "#block"},
				"down": {"uv": [9, 8, 10, 9], "texture": "#block"}
			}
		},
		{
			"name": "bow_46",
			"from": [2, 6, 7.5],
			"to": [3, 7, 8.5],
			"faces": {
				"north": {"uv": [2, 10, 3, 9], "rotation": 180, "texture": "#block"},
				"east": {"uv": [2, 9, 3, 10], "texture": "#block"},
				"south": {"uv": [2, 9, 3, 10], "texture": "#block"},
				"west": {"uv": [2, 9, 3, 10], "texture": "#block"},
				"up": {"uv": [3, 9, 2, 10], "rotation": 180, "texture": "#block"},
				"down": {"uv": [2, 9, 3, 10], "texture": "#block"}
			}
		},
		{
			"name": "bow_47",
			"from": [3, 6, 7.5],
			"to": [4, 7, 8.5],
			"faces": {
				"north": {"uv": [3, 10, 4, 9], "rotation": 180, "texture": "#block"},
				"east": {"uv": [3, 9, 4, 10], "texture": "#block"},
				"south": {"uv": [3, 9, 4, 10], "texture": "#block"},
				"west": {"uv": [3, 9, 4, 10], "texture": "#block"},
				"up": {"uv": [4, 9, 3, 10], "rotation": 180, "texture": "#block"},
				"down": {"uv": [3, 9, 4, 10], "texture": "#block"}
			}
		},
		{
			"name": "bow_48",
			"from": [4, 6, 7.5],
			"to": [5, 7, 8.5],
			"faces": {
				"north": {"uv": [4, 10, 5, 9], "rotation": 180, "texture": "#block"},
				"east": {"uv": [4, 9, 5, 10], "texture": "#block"},
				"south": {"uv": [4, 9, 5, 10], "texture": "#block"},
				"west": {"uv": [4, 9, 5, 10], "texture": "#block"},
				"up": {"uv": [5, 9, 4, 10], "rotation": 180, "texture": "#block"},
				"down": {"uv": [4, 9, 5, 10], "texture": "#block"}
			}
		},
		{
			"name": "bow_49",
			"from": [8, 6, 7.5],
			"to": [9, 7, 8.5],
			"faces": {
				"north": {"uv": [8, 10, 9, 9], "rotation": 180, "texture": "#block"},
				"east": {"uv": [8, 9, 9, 10], "texture": "#block"},
				"south": {"uv": [8, 9, 9, 10], "texture": "#block"},
				"west": {"uv": [8, 9, 9, 10], "texture": "#block"},
				"up": {"uv": [9, 9, 8, 10], "rotation": 180, "texture": "#block"},
				"down": {"uv": [8, 9, 9, 10], "texture": "#block"}
			}
		},
		{
			"name": "bow_50",
			"from": [2, 5, 7.5],
			"to": [3, 6, 8.5],
			"faces": {
				"north": {"uv": [2, 11, 3, 10], "rotation": 180, "texture": "#block"},
				"east": {"uv": [2, 10, 3, 11], "texture": "#block"},
				"south": {"uv": [2, 10, 3, 11], "texture": "#block"},
				"west": {"uv": [2, 10, 3, 11], "texture": "#block"},
				"up": {"uv": [3, 10, 2, 11], "rotation": 180, "texture": "#block"},
				"down": {"uv": [2, 10, 3, 11], "texture": "#block"}
			}
		},
		{
			"name": "bow_51",
			"from": [3, 5, 7.5],
			"to": [4, 6, 8.5],
			"faces": {
				"north": {"uv": [3, 11, 4, 10], "rotation": 180, "texture": "#block"},
				"east": {"uv": [3, 10, 4, 11], "texture": "#block"},
				"south": {"uv": [3, 10, 4, 11], "texture": "#block"},
				"west": {"uv": [3, 10, 4, 11], "texture": "#block"},
				"up": {"uv": [4, 10, 3, 11], "rotation": 180, "texture": "#block"},
				"down": {"uv": [3, 10, 4, 11], "texture": "#block"}
			}
		},
		{
			"name": "bow_52",
			"from": [4, 5, 7.5],
			"to": [5, 6, 8.5],
			"faces": {
				"north": {"uv": [4, 11, 5, 10], "rotation": 180, "texture": "#block"},
				"east": {"uv": [4, 10, 5, 11], "texture": "#block"},
				"south": {"uv": [4, 10, 5, 11], "texture": "#block"},
				"west": {"uv": [4, 10, 5, 11], "texture": "#block"},
				"up": {"uv": [5, 10, 4, 11], "rotation": 180, "texture": "#block"},
				"down": {"uv": [4, 10, 5, 11], "texture": "#block"}
			}
		},
		{
			"name": "bow_53",
			"from": [7, 5, 7.5],
			"to": [8, 6, 8.5],
			"faces": {
				"north": {"uv": [7, 11, 8, 10], "rotation": 180, "texture": "#block"},
				"east": {"uv": [7, 10, 8, 11], "texture": "#block"},
				"south": {"uv": [7, 10, 8, 11], "texture": "#block"},
				"west": {"uv": [7, 10, 8, 11], "texture": "#block"},
				"up": {"uv": [8, 10, 7, 11], "rotation": 180, "texture": "#block"},
				"down": {"uv": [7, 10, 8, 11], "texture": "#block"}
			}
		},
		{
			"name": "bow_54",
			"from": [1, 4, 7.5],
			"to": [2, 5, 8.5],
			"faces": {
				"north": {"uv": [1, 12, 2, 11], "rotation": 180, "texture": "#block"},
				"east": {"uv": [1, 11, 2, 12], "texture": "#block"},
				"south": {"uv": [1, 11, 2, 12], "texture": "#block"},
				"west": {"uv": [1, 11, 2, 12], "texture": "#block"},
				"up": {"uv": [2, 11, 1, 12], "rotation": 180, "texture": "#block"},
				"down": {"uv": [1, 11, 2, 12], "texture": "#block"}
			}
		},
		{
			"name": "bow_55",
			"from": [2, 4, 7.5],
			"to": [3, 5, 8.5],
			"faces": {
				"north": {"uv": [2, 12, 3, 11], "rotation": 180, "texture": "#block"},
				"east": {"uv": [2, 11, 3, 12], "texture": "#block"},
				"south": {"uv": [2, 11, 3, 12], "texture": "#block"},
				"west": {"uv": [2, 11, 3, 12], "texture": "#block"},
				"up": {"uv": [3, 11, 2, 12], "rotation": 180, "texture": "#block"},
				"down": {"uv": [2, 11, 3, 12], "texture": "#block"}
			}
		},
		{
			"name": "bow_56",
			"from": [3, 4, 7.5],
			"to": [4, 5, 8.5],
			"faces": {
				"north": {"uv": [3, 12, 4, 11], "rotation": 180, "texture": "#block"},
				"east": {"uv": [3, 11, 4, 12], "texture": "#block"},
				"south": {"uv": [3, 11, 4, 12], "texture": "#block"},
				"west": {"uv": [3, 11, 4, 12], "texture": "#block"},
				"up": {"uv": [4, 11, 3, 12], "rotation": 180, "texture": "#block"},
				"down": {"uv": [3, 11, 4, 12], "texture": "#block"}
			}
		},
		{
			"name": "bow_57",
			"from": [6, 4, 7.5],
			"to": [7, 5, 8.5],
			"faces": {
				"north": {"uv": [6, 12, 7, 11], "rotation": 180, "texture": "#block"},
				"east": {"uv": [6, 11, 7, 12], "texture": "#block"},
				"south": {"uv": [6, 11, 7, 12], "texture": "#block"},
				"west": {"uv": [6, 11, 7, 12], "texture": "#block"},
				"up": {"uv": [7, 11, 6, 12], "rotation": 180, "texture": "#block"},
				"down": {"uv": [6, 11, 7, 12], "texture": "#block"}
			}
		},
		{
			"name": "bow_58",
			"from": [1, 3, 7.5],
			"to": [2, 4, 8.5],
			"faces": {
				"north": {"uv": [1, 13, 2, 12], "rotation": 180, "texture": "#block"},
				"east": {"uv": [1, 12, 2, 13], "texture": "#block"},
				"south": {"uv": [1, 12, 2, 13], "texture": "#block"},
				"west": {"uv": [1, 12, 2, 13], "texture": "#block"},
				"up": {"uv": [2, 12, 1, 13], "rotation": 180, "texture": "#block"},
				"down": {"uv": [1, 12, 2, 13], "texture": "#block"}
			}
		},
		{
			"name": "bow_59",
			"from": [2, 3, 7.5],
			"to": [3, 4, 8.5],
			"faces": {
				"north": {"uv": [2, 13, 3, 12], "rotation": 180, "texture": "#block"},
				"east": {"uv": [2, 12, 3, 13], "texture": "#block"},
				"south": {"uv": [2, 12, 3, 13], "texture": "#block"},
				"west": {"uv": [2, 12, 3, 13], "texture": "#block"},
				"up": {"uv": [3, 12, 2, 13], "rotation": 180, "texture": "#block"},
				"down": {"uv": [2, 12, 3, 13], "texture": "#block"}
			}
		},
		{
			"name": "bow_60",
			"from": [3, 3, 7.5],
			"to": [4, 4, 8.5],
			"faces": {
				"north": {"uv": [3, 13, 4, 12], "rotation": 180, "texture": "#block"},
				"east": {"uv": [3, 12, 4, 13], "texture": "#block"},
				"south": {"uv": [3, 12, 4, 13], "texture": "#block"},
				"west": {"uv": [3, 12, 4, 13], "texture": "#block"},
				"up": {"uv": [4, 12, 3, 13], "rotation": 180, "texture": "#block"},
				"down": {"uv": [3, 12, 4, 13], "texture": "#block"}
			}
		},
		{
			"name": "bow_61",
			"from": [5, 3, 7.5],
			"to": [6, 4, 8.5],
			"faces": {
				"north": {"uv": [5, 13, 6, 12], "rotation": 180, "texture": "#block"},
				"east": {"uv": [5, 12, 6, 13], "texture": "#block"},
				"south": {"uv": [5, 12, 6, 13], "texture": "#block"},
				"west": {"uv": [5, 12, 6, 13], "texture": "#block"},
				"up": {"uv": [6, 12, 5, 13], "rotation": 180, "texture": "#block"},
				"down": {"uv": [5, 12, 6, 13], "texture": "#block"}
			}
		},
		{
			"name": "bow_62",
			"from": [1, 2, 7.5],
			"to": [2, 3, 8.5],
			"faces": {
				"north": {"uv": [1, 14, 2, 13], "rotation": 180, "texture": "#block"},
				"east": {"uv": [1, 13, 2, 14], "texture": "#block"},
				"south": {"uv": [1, 13, 2, 14], "texture": "#block"},
				"west": {"uv": [1, 13, 2, 14], "texture": "#block"},
				"up": {"uv": [2, 13, 1, 14], "rotation": 180, "texture": "#block"},
				"down": {"uv": [1, 13, 2, 14], "texture": "#block"}
			}
		},
		{
			"name": "bow_63",
			"from": [2, 2, 7.5],
			"to": [3, 3, 8.5],
			"faces": {
				"north": {"uv": [2, 14, 3, 13], "rotation": 180, "texture": "#block"},
				"east": {"uv": [2, 13, 3, 14], "texture": "#block"},
				"south": {"uv": [2, 13, 3, 14], "texture": "#block"},
				"west": {"uv": [2, 13, 3, 14], "texture": "#block"},
				"up": {"uv": [3, 13, 2, 14], "rotation": 180, "texture": "#block"},
				"down": {"uv": [2, 13, 3, 14], "texture": "#block"}
			}
		},
		{
			"name": "bow_64",
			"from": [3, 2, 7.5],
			"to": [4, 3, 8.5],
			"faces": {
				"north": {"uv": [3, 14, 4, 13], "rotation": 180, "texture": "#block"},
				"east": {"uv": [3, 13, 4, 14], "texture": "#block"},
				"south": {"uv": [3, 13, 4, 14], "texture": "#block"},
				"west": {"uv": [3, 13, 4, 14], "texture": "#block"},
				"up": {"uv": [4, 13, 3, 14], "rotation": 180, "texture": "#block"},
				"down": {"uv": [3, 13, 4, 14], "texture": "#block"}
			}
		},
		{
			"name": "bow_65",
			"from": [4, 2, 7.5],
			"to": [5, 3, 8.5],
			"faces": {
				"north": {"uv": [4, 14, 5, 13], "rotation": 180, "texture": "#block"},
				"east": {"uv": [4, 13, 5, 14], "texture": "#block"},
				"south": {"uv": [4, 13, 5, 14], "texture": "#block"},
				"west": {"uv": [4, 13, 5, 14], "texture": "#block"},
				"up": {"uv": [5, 13, 4, 14], "rotation": 180, "texture": "#block"},
				"down": {"uv": [4, 13, 5, 14], "texture": "#block"}
			}
		},
		{
			"name": "bow_66",
			"from": [1, 1, 7.5],
			"to": [2, 2, 8.5],
			"faces": {
				"north": {"uv": [1, 15, 2, 14], "rotation": 180, "texture": "#block"},
				"east": {"uv": [1, 14, 2, 15], "texture": "#block"},
				"south": {"uv": [1, 14, 2, 15], "texture": "#block"},
				"west": {"uv": [1, 14, 2, 15], "texture": "#block"},
				"up": {"uv": [2, 14, 1, 15], "rotation": 180, "texture": "#block"},
				"down": {"uv": [1, 14, 2, 15], "texture": "#block"}
			}
		},
		{
			"name": "bow_67",
			"from": [2, 1, 7.5],
			"to": [3, 2, 8.5],
			"faces": {
				"north": {"uv": [2, 15, 3, 14], "rotation": 180, "texture": "#block"},
				"east": {"uv": [2, 14, 3, 15], "texture": "#block"},
				"south": {"uv": [2, 14, 3, 15], "texture": "#block"},
				"west": {"uv": [2, 14, 3, 15], "texture": "#block"},
				"up": {"uv": [3, 14, 2, 15], "rotation": 180, "texture": "#block"},
				"down": {"uv": [2, 14, 3, 15], "texture": "#block"}
			}
		},
		{
			"name": "bow_68",
			"from": [3, 1, 7.5],
			"to": [4, 2, 8.5],
			"faces": {
				"north": {"uv": [3, 15, 4, 14], "rotation": 180, "texture": "#block"},
				"east": {"uv": [3, 14, 4, 15], "texture": "#block"},
				"south": {"uv": [3, 14, 4, 15], "texture": "#block"},
				"west": {"uv": [3, 14, 4, 15], "texture": "#block"},
				"up": {"uv": [4, 14, 3, 15], "rotation": 180, "texture": "#block"},
				"down": {"uv": [3, 14, 4, 15], "texture": "#block"}
			}
		},
		{
			"name": "bow_69",
			"from": [2, 0, 7.5],
			"to": [3, 1, 8.5],
			"faces": {
				"north": {"uv": [2, 16, 3, 15], "rotation": 180, "texture": "#block"},
				"east": {"uv": [2, 15, 3, 16], "texture": "#block"},
				"south": {"uv": [2, 15, 3, 16], "texture": "#block"},
				"west": {"uv": [2, 15, 3, 16], "texture": "#block"},
				"up": {"uv": [3, 15, 2, 16], "rotation": 180, "texture": "#block"},
				"down": {"uv": [2, 15, 3, 16], "texture": "#block"}
			}
		}
	],"display": {
        "gui": {
            "rotation": 	[ 0, 0, 0 ],
            "translation": 	[ 0, 0.5, 0],
            "scale":		[ 1, 1, 0.85 ]
        },
        "ground": {
			"rotation": 	[ 0, 0, 0 ],
			"translation": 	[ 0, 3, 0 ],
			"scale": 		[ 0.50, 0.50, 0.50 ]
        },
        "fixed": {
			"rotation": 	[ 0, 0, 270 ],
			"translation": 	[ 0, 0, 0 ],
			"scale": 		[ 1.02, 1.02, 1.02 ]
        },
		"head": {
            "rotation": 	[ 0, 180, 0 ],
            "translation": 	[ 0, 13, 7],
            "scale":		[ 1, 1, 1]
        },
        "thirdperson_righthand": {
            "rotation": 	[ 0, -90, 40 ],
            "translation": 	[ 0, -2, 2.50 ],
            "scale": 		[ 0.85, 0.85, 0.85 ]
        },
        "thirdperson_lefthand": {
            "rotation": 	[ 0, 90, -40 ],
            "translation": 	[ 0, -2, 2.50 ],
            "scale": 		[ 0.85, 0.85, 0.85 ]
        },
        "firstperson_righthand": {
            "rotation": 	[ 0, -90, 25 ],
            "translation": 	[ 1.13, 2.50, 1.13],
            "scale": 		[ 0.68, 0.68, 0.68 ]
        },
        "firstperson_lefthand": {
            "rotation": 	[ 0, 90, -25 ],
            "translation": 	[ 1.13, 2.50, 1.13],
            "scale": 		[ 0.68, 0.68, 0.68 ]
   }
    },
    "overrides": [
        {
            "predicate": {
                "pulling": 1
            },
            "model": "item/bow_pulling_0"
        },
        {
            "predicate": {
                "pulling": 1,
                "pull": 0.65
            },
            "model": "item/bow_pulling_1"
        },
        {
            "predicate": {
                "pulling": 1,
                "pull": 0.9
            },
            "model": "item/bow_pulling_2"
        }
    ],
	"groups": [
		{
			"name": "bow",
			"origin": [8, 8, 8],
			"children": [0, 1, 2, 3, 4, 5, 6, 7, 8, 9, 10, 11, 12, 13, 14, 15, 16, 17, 18, 19, 20, 21, 22, 23, 24, 25, 26, 27, 28, 29, 30, 31, 32, 33, 34, 35, 36, 37, 38, 39, 40, 41, 42, 43, 44, 45, 46, 47, 48, 49, 50, 51, 52, 53, 54, 55, 56, 57, 58, 59, 60, 61, 62, 63, 64, 65, 66, 67, 68, 69]
		}
	]
}