{
	"credit": "Made with Blockbench",
	"parent": "item/sword_display",

	"elements": [
		{
			"name": "diamond_sword_0",
			"from": [13, 15, 7.5],
			"to": [14, 16, 8.5],
			"faces": {
				"north": {"uv": [13, 1, 14, 0], "rotation": 180, "texture": "block"},
				"east": {"uv": [13, 0, 14, 1], "texture": "block"},
				"south": {"uv": [13, 0, 14, 1], "texture": "block"},
				"west": {"uv": [13, 0, 14, 1], "texture": "block"},
				"up": {"uv": [14, 0, 13, 1], "rotation": 180, "texture": "block"},
				"down": {"uv": [13, 0, 14, 1], "texture": "block"}
			}
		},
		{
			"name": "diamond_sword_1",
			"from": [14, 15, 7.5],
			"to": [15, 16, 8.5],
			"faces": {
				"north": {"uv": [14, 1, 15, 0], "rotation": 180, "texture": "block"},
				"east": {"uv": [14, 0, 15, 1], "texture": "block"},
				"south": {"uv": [14, 0, 15, 1], "texture": "block"},
				"west": {"uv": [14, 0, 15, 1], "texture": "block"},
				"up": {"uv": [15, 0, 14, 1], "rotation": 180, "texture": "block"},
				"down": {"uv": [14, 0, 15, 1], "texture": "block"}
			}
		},
		{
			"name": "diamond_sword_2",
			"from": [15, 15, 7.5],
			"to": [16, 16, 8.5],
			"faces": {
				"north": {"uv": [15, 1, 16, 0], "rotation": 180, "texture": "block"},
				"east": {"uv": [15, 0, 16, 1], "texture": "block"},
				"south": {"uv": [15, 0, 16, 1], "texture": "block"},
				"west": {"uv": [15, 0, 16, 1], "texture": "block"},
				"up": {"uv": [16, 0, 15, 1], "rotation": 180, "texture": "block"},
				"down": {"uv": [15, 0, 16, 1], "texture": "block"}
			}
		},
		{
			"name": "diamond_sword_3",
			"from": [12, 14, 7.5],
			"to": [13, 15, 8.5],
			"faces": {
				"north": {"uv": [12, 2, 13, 1], "rotation": 180, "texture": "block"},
				"east": {"uv": [12, 1, 13, 2], "texture": "block"},
				"south": {"uv": [12, 1, 13, 2], "texture": "block"},
				"west": {"uv": [12, 1, 13, 2], "texture": "block"},
				"up": {"uv": [13, 1, 12, 2], "rotation": 180, "texture": "block"},
				"down": {"uv": [12, 1, 13, 2], "texture": "block"}
			}
		},
		{
			"name": "diamond_sword_4",
			"from": [13, 14, 7.5],
			"to": [14, 15, 8.5],
			"faces": {
				"north": {"uv": [13, 2, 14, 1], "rotation": 180, "texture": "block"},
				"east": {"uv": [13, 1, 14, 2], "texture": "block"},
				"south": {"uv": [13, 1, 14, 2], "texture": "block"},
				"west": {"uv": [13, 1, 14, 2], "texture": "block"},
				"up": {"uv": [14, 1, 13, 2], "rotation": 180, "texture": "block"},
				"down": {"uv": [13, 1, 14, 2], "texture": "block"}
			}
		},
		{
			"name": "diamond_sword_5",
			"from": [14, 14, 7.5],
			"to": [15, 15, 8.5],
			"faces": {
				"north": {"uv": [14, 2, 15, 1], "rotation": 180, "texture": "block"},
				"east": {"uv": [14, 1, 15, 2], "texture": "block"},
				"south": {"uv": [14, 1, 15, 2], "texture": "block"},
				"west": {"uv": [14, 1, 15, 2], "texture": "block"},
				"up": {"uv": [15, 1, 14, 2], "rotation": 180, "texture": "block"},
				"down": {"uv": [14, 1, 15, 2], "texture": "block"}
			}
		},
		{
			"name": "diamond_sword_6",
			"from": [15, 14, 7.5],
			"to": [16, 15, 8.5],
			"faces": {
				"north": {"uv": [15, 2, 16, 1], "rotation": 180, "texture": "block"},
				"east": {"uv": [15, 1, 16, 2], "texture": "block"},
				"south": {"uv": [15, 1, 16, 2], "texture": "block"},
				"west": {"uv": [15, 1, 16, 2], "texture": "block"},
				"up": {"uv": [16, 1, 15, 2], "rotation": 180, "texture": "block"},
				"down": {"uv": [15, 1, 16, 2], "texture": "block"}
			}
		},
		{
			"name": "diamond_sword_7",
			"from": [11, 13, 7.5],
			"to": [12, 14, 8.5],
			"faces": {
				"north": {"uv": [11, 3, 12, 2], "rotation": 180, "texture": "block"},
				"east": {"uv": [11, 2, 12, 3], "texture": "block"},
				"south": {"uv": [11, 2, 12, 3], "texture": "block"},
				"west": {"uv": [11, 2, 12, 3], "texture": "block"},
				"up": {"uv": [12, 2, 11, 3], "rotation": 180, "texture": "block"},
				"down": {"uv": [11, 2, 12, 3], "texture": "block"}
			}
		},
		{
			"name": "diamond_sword_8",
			"from": [12, 13, 7.5],
			"to": [13, 14, 8.5],
			"faces": {
				"north": {"uv": [12, 3, 13, 2], "rotation": 180, "texture": "block"},
				"east": {"uv": [12, 2, 13, 3], "texture": "block"},
				"south": {"uv": [12, 2, 13, 3], "texture": "block"},
				"west": {"uv": [12, 2, 13, 3], "texture": "block"},
				"up": {"uv": [13, 2, 12, 3], "rotation": 180, "texture": "block"},
				"down": {"uv": [12, 2, 13, 3], "texture": "block"}
			}
		},
		{
			"name": "diamond_sword_9",
			"from": [13, 13, 7.5],
			"to": [14, 14, 8.5],
			"faces": {
				"north": {"uv": [13, 3, 14, 2], "rotation": 180, "texture": "block"},
				"east": {"uv": [13, 2, 14, 3], "texture": "block"},
				"south": {"uv": [13, 2, 14, 3], "texture": "block"},
				"west": {"uv": [13, 2, 14, 3], "texture": "block"},
				"up": {"uv": [14, 2, 13, 3], "rotation": 180, "texture": "block"},
				"down": {"uv": [13, 2, 14, 3], "texture": "block"}
			}
		},
		{
			"name": "diamond_sword_10",
			"from": [14, 13, 7.5],
			"to": [15, 14, 8.5],
			"faces": {
				"north": {"uv": [14, 3, 15, 2], "rotation": 180, "texture": "block"},
				"east": {"uv": [14, 2, 15, 3], "texture": "block"},
				"south": {"uv": [14, 2, 15, 3], "texture": "block"},
				"west": {"uv": [14, 2, 15, 3], "texture": "block"},
				"up": {"uv": [15, 2, 14, 3], "rotation": 180, "texture": "block"},
				"down": {"uv": [14, 2, 15, 3], "texture": "block"}
			}
		},
		{
			"name": "diamond_sword_11",
			"from": [15, 13, 7.5],
			"to": [16, 14, 8.5],
			"faces": {
				"north": {"uv": [15, 3, 16, 2], "rotation": 180, "texture": "block"},
				"east": {"uv": [15, 2, 16, 3], "texture": "block"},
				"south": {"uv": [15, 2, 16, 3], "texture": "block"},
				"west": {"uv": [15, 2, 16, 3], "texture": "block"},
				"up": {"uv": [16, 2, 15, 3], "rotation": 180, "texture": "block"},
				"down": {"uv": [15, 2, 16, 3], "texture": "block"}
			}
		},
		{
			"name": "diamond_sword_12",
			"from": [10, 12, 7.5],
			"to": [11, 13, 8.5],
			"faces": {
				"north": {"uv": [10, 4, 11, 3], "rotation": 180, "texture": "block"},
				"east": {"uv": [10, 3, 11, 4], "texture": "block"},
				"south": {"uv": [10, 3, 11, 4], "texture": "block"},
				"west": {"uv": [10, 3, 11, 4], "texture": "block"},
				"up": {"uv": [11, 3, 10, 4], "rotation": 180, "texture": "block"},
				"down": {"uv": [10, 3, 11, 4], "texture": "block"}
			}
		},
		{
			"name": "diamond_sword_13",
			"from": [11, 12, 7.5],
			"to": [12, 13, 8.5],
			"faces": {
				"north": {"uv": [11, 4, 12, 3], "rotation": 180, "texture": "block"},
				"east": {"uv": [11, 3, 12, 4], "texture": "block"},
				"south": {"uv": [11, 3, 12, 4], "texture": "block"},
				"west": {"uv": [11, 3, 12, 4], "texture": "block"},
				"up": {"uv": [12, 3, 11, 4], "rotation": 180, "texture": "block"},
				"down": {"uv": [11, 3, 12, 4], "texture": "block"}
			}
		},
		{
			"name": "diamond_sword_14",
			"from": [12, 12, 7.5],
			"to": [13, 13, 8.5],
			"faces": {
				"north": {"uv": [12, 4, 13, 3], "rotation": 180, "texture": "block"},
				"east": {"uv": [12, 3, 13, 4], "texture": "block"},
				"south": {"uv": [12, 3, 13, 4], "texture": "block"},
				"west": {"uv": [12, 3, 13, 4], "texture": "block"},
				"up": {"uv": [13, 3, 12, 4], "rotation": 180, "texture": "block"},
				"down": {"uv": [12, 3, 13, 4], "texture": "block"}
			}
		},
		{
			"name": "diamond_sword_15",
			"from": [13, 12, 7.5],
			"to": [14, 13, 8.5],
			"faces": {
				"north": {"uv": [13, 4, 14, 3], "rotation": 180, "texture": "block"},
				"east": {"uv": [13, 3, 14, 4], "texture": "block"},
				"south": {"uv": [13, 3, 14, 4], "texture": "block"},
				"west": {"uv": [13, 3, 14, 4], "texture": "block"},
				"up": {"uv": [14, 3, 13, 4], "rotation": 180, "texture": "block"},
				"down": {"uv": [13, 3, 14, 4], "texture": "block"}
			}
		},
		{
			"name": "diamond_sword_16",
			"from": [14, 12, 7.5],
			"to": [15, 13, 8.5],
			"faces": {
				"north": {"uv": [14, 4, 15, 3], "rotation": 180, "texture": "block"},
				"east": {"uv": [14, 3, 15, 4], "texture": "block"},
				"south": {"uv": [14, 3, 15, 4], "texture": "block"},
				"west": {"uv": [14, 3, 15, 4], "texture": "block"},
				"up": {"uv": [15, 3, 14, 4], "rotation": 180, "texture": "block"},
				"down": {"uv": [14, 3, 15, 4], "texture": "block"}
			}
		},
		{
			"name": "diamond_sword_17",
			"from": [9, 11, 7.5],
			"to": [10, 12, 8.5],
			"faces": {
				"north": {"uv": [9, 5, 10, 4], "rotation": 180, "texture": "block"},
				"east": {"uv": [9, 4, 10, 5], "texture": "block"},
				"south": {"uv": [9, 4, 10, 5], "texture": "block"},
				"west": {"uv": [9, 4, 10, 5], "texture": "block"},
				"up": {"uv": [10, 4, 9, 5], "rotation": 180, "texture": "block"},
				"down": {"uv": [9, 4, 10, 5], "texture": "block"}
			}
		},
		{
			"name": "diamond_sword_18",
			"from": [10, 11, 7.5],
			"to": [11, 12, 8.5],
			"faces": {
				"north": {"uv": [10, 5, 11, 4], "rotation": 180, "texture": "block"},
				"east": {"uv": [10, 4, 11, 5], "texture": "block"},
				"south": {"uv": [10, 4, 11, 5], "texture": "block"},
				"west": {"uv": [10, 4, 11, 5], "texture": "block"},
				"up": {"uv": [11, 4, 10, 5], "rotation": 180, "texture": "block"},
				"down": {"uv": [10, 4, 11, 5], "texture": "block"}
			}
		},
		{
			"name": "diamond_sword_19",
			"from": [11, 11, 7.5],
			"to": [12, 12, 8.5],
			"faces": {
				"north": {"uv": [11, 5, 12, 4], "rotation": 180, "texture": "block"},
				"east": {"uv": [11, 4, 12, 5], "texture": "block"},
				"south": {"uv": [11, 4, 12, 5], "texture": "block"},
				"west": {"uv": [11, 4, 12, 5], "texture": "block"},
				"up": {"uv": [12, 4, 11, 5], "rotation": 180, "texture": "block"},
				"down": {"uv": [11, 4, 12, 5], "texture": "block"}
			}
		},
		{
			"name": "diamond_sword_20",
			"from": [12, 11, 7.5],
			"to": [13, 12, 8.5],
			"faces": {
				"north": {"uv": [12, 5, 13, 4], "rotation": 180, "texture": "block"},
				"east": {"uv": [12, 4, 13, 5], "texture": "block"},
				"south": {"uv": [12, 4, 13, 5], "texture": "block"},
				"west": {"uv": [12, 4, 13, 5], "texture": "block"},
				"up": {"uv": [13, 4, 12, 5], "rotation": 180, "texture": "block"},
				"down": {"uv": [12, 4, 13, 5], "texture": "block"}
			}
		},
		{
			"name": "diamond_sword_21",
			"from": [13, 11, 7.5],
			"to": [14, 12, 8.5],
			"faces": {
				"north": {"uv": [13, 5, 14, 4], "rotation": 180, "texture": "block"},
				"east": {"uv": [13, 4, 14, 5], "texture": "block"},
				"south": {"uv": [13, 4, 14, 5], "texture": "block"},
				"west": {"uv": [13, 4, 14, 5], "texture": "block"},
				"up": {"uv": [14, 4, 13, 5], "rotation": 180, "texture": "block"},
				"down": {"uv": [13, 4, 14, 5], "texture": "block"}
			}
		},
		{
			"name": "diamond_sword_22",
			"from": [8, 10, 7.5],
			"to": [9, 11, 8.5],
			"faces": {
				"north": {"uv": [8, 6, 9, 5], "rotation": 180, "texture": "block"},
				"east": {"uv": [8, 5, 9, 6], "texture": "block"},
				"south": {"uv": [8, 5, 9, 6], "texture": "block"},
				"west": {"uv": [8, 5, 9, 6], "texture": "block"},
				"up": {"uv": [9, 5, 8, 6], "rotation": 180, "texture": "block"},
				"down": {"uv": [8, 5, 9, 6], "texture": "block"}
			}
		},
		{
			"name": "diamond_sword_23",
			"from": [9, 10, 7.5],
			"to": [10, 11, 8.5],
			"faces": {
				"north": {"uv": [9, 6, 10, 5], "rotation": 180, "texture": "block"},
				"east": {"uv": [9, 5, 10, 6], "texture": "block"},
				"south": {"uv": [9, 5, 10, 6], "texture": "block"},
				"west": {"uv": [9, 5, 10, 6], "texture": "block"},
				"up": {"uv": [10, 5, 9, 6], "rotation": 180, "texture": "block"},
				"down": {"uv": [9, 5, 10, 6], "texture": "block"}
			}
		},
		{
			"name": "diamond_sword_24",
			"from": [10, 10, 7.5],
			"to": [11, 11, 8.5],
			"faces": {
				"north": {"uv": [10, 6, 11, 5], "rotation": 180, "texture": "block"},
				"east": {"uv": [10, 5, 11, 6], "texture": "block"},
				"south": {"uv": [10, 5, 11, 6], "texture": "block"},
				"west": {"uv": [10, 5, 11, 6], "texture": "block"},
				"up": {"uv": [11, 5, 10, 6], "rotation": 180, "texture": "block"},
				"down": {"uv": [10, 5, 11, 6], "texture": "block"}
			}
		},
		{
			"name": "diamond_sword_25",
			"from": [11, 10, 7.5],
			"to": [12, 11, 8.5],
			"faces": {
				"north": {"uv": [11, 6, 12, 5], "rotation": 180, "texture": "block"},
				"east": {"uv": [11, 5, 12, 6], "texture": "block"},
				"south": {"uv": [11, 5, 12, 6], "texture": "block"},
				"west": {"uv": [11, 5, 12, 6], "texture": "block"},
				"up": {"uv": [12, 5, 11, 6], "rotation": 180, "texture": "block"},
				"down": {"uv": [11, 5, 12, 6], "texture": "block"}
			}
		},
		{
			"name": "diamond_sword_26",
			"from": [12, 10, 7.5],
			"to": [13, 11, 8.5],
			"faces": {
				"north": {"uv": [12, 6, 13, 5], "rotation": 180, "texture": "block"},
				"east": {"uv": [12, 5, 13, 6], "texture": "block"},
				"south": {"uv": [12, 5, 13, 6], "texture": "block"},
				"west": {"uv": [12, 5, 13, 6], "texture": "block"},
				"up": {"uv": [13, 5, 12, 6], "rotation": 180, "texture": "block"},
				"down": {"uv": [12, 5, 13, 6], "texture": "block"}
			}
		},
		{
			"name": "diamond_sword_27",
			"from": [2, 9, 7.5],
			"to": [3, 10, 8.5],
			"faces": {
				"north": {"uv": [2, 7, 3, 6], "rotation": 180, "texture": "block"},
				"east": {"uv": [2, 6, 3, 7], "texture": "block"},
				"south": {"uv": [2, 6, 3, 7], "texture": "block"},
				"west": {"uv": [2, 6, 3, 7], "texture": "block"},
				"up": {"uv": [3, 6, 2, 7], "rotation": 180, "texture": "block"},
				"down": {"uv": [2, 6, 3, 7], "texture": "block"}
			}
		},
		{
			"name": "diamond_sword_28",
			"from": [3, 9, 7.5],
			"to": [4, 10, 8.5],
			"faces": {
				"north": {"uv": [3, 7, 4, 6], "rotation": 180, "texture": "block"},
				"east": {"uv": [3, 6, 4, 7], "texture": "block"},
				"south": {"uv": [3, 6, 4, 7], "texture": "block"},
				"west": {"uv": [3, 6, 4, 7], "texture": "block"},
				"up": {"uv": [4, 6, 3, 7], "rotation": 180, "texture": "block"},
				"down": {"uv": [3, 6, 4, 7], "texture": "block"}
			}
		},
		{
			"name": "diamond_sword_29",
			"from": [7, 9, 7.5],
			"to": [8, 10, 8.5],
			"faces": {
				"north": {"uv": [7, 7, 8, 6], "rotation": 180, "texture": "block"},
				"east": {"uv": [7, 6, 8, 7], "texture": "block"},
				"south": {"uv": [7, 6, 8, 7], "texture": "block"},
				"west": {"uv": [7, 6, 8, 7], "texture": "block"},
				"up": {"uv": [8, 6, 7, 7], "rotation": 180, "texture": "block"},
				"down": {"uv": [7, 6, 8, 7], "texture": "block"}
			}
		},
		{
			"name": "diamond_sword_30",
			"from": [8, 9, 7.5],
			"to": [9, 10, 8.5],
			"faces": {
				"north": {"uv": [8, 7, 9, 6], "rotation": 180, "texture": "block"},
				"east": {"uv": [8, 6, 9, 7], "texture": "block"},
				"south": {"uv": [8, 6, 9, 7], "texture": "block"},
				"west": {"uv": [8, 6, 9, 7], "texture": "block"},
				"up": {"uv": [9, 6, 8, 7], "rotation": 180, "texture": "block"},
				"down": {"uv": [8, 6, 9, 7], "texture": "block"}
			}
		},
		{
			"name": "diamond_sword_31",
			"from": [9, 9, 7.5],
			"to": [10, 10, 8.5],
			"faces": {
				"north": {"uv": [9, 7, 10, 6], "rotation": 180, "texture": "block"},
				"east": {"uv": [9, 6, 10, 7], "texture": "block"},
				"south": {"uv": [9, 6, 10, 7], "texture": "block"},
				"west": {"uv": [9, 6, 10, 7], "texture": "block"},
				"up": {"uv": [10, 6, 9, 7], "rotation": 180, "texture": "block"},
				"down": {"uv": [9, 6, 10, 7], "texture": "block"}
			}
		},
		{
			"name": "diamond_sword_32",
			"from": [10, 9, 7.5],
			"to": [11, 10, 8.5],
			"faces": {
				"north": {"uv": [10, 7, 11, 6], "rotation": 180, "texture": "block"},
				"east": {"uv": [10, 6, 11, 7], "texture": "block"},
				"south": {"uv": [10, 6, 11, 7], "texture": "block"},
				"west": {"uv": [10, 6, 11, 7], "texture": "block"},
				"up": {"uv": [11, 6, 10, 7], "rotation": 180, "texture": "block"},
				"down": {"uv": [10, 6, 11, 7], "texture": "block"}
			}
		},
		{
			"name": "diamond_sword_33",
			"from": [11, 9, 7.5],
			"to": [12, 10, 8.5],
			"faces": {
				"north": {"uv": [11, 7, 12, 6], "rotation": 180, "texture": "block"},
				"east": {"uv": [11, 6, 12, 7], "texture": "block"},
				"south": {"uv": [11, 6, 12, 7], "texture": "block"},
				"west": {"uv": [11, 6, 12, 7], "texture": "block"},
				"up": {"uv": [12, 6, 11, 7], "rotation": 180, "texture": "block"},
				"down": {"uv": [11, 6, 12, 7], "texture": "block"}
			}
		},
		{
			"name": "diamond_sword_34",
			"from": [2, 8, 7.5],
			"to": [3, 9, 8.5],
			"faces": {
				"north": {"uv": [2, 8, 3, 7], "rotation": 180, "texture": "block"},
				"east": {"uv": [2, 7, 3, 8], "texture": "block"},
				"south": {"uv": [2, 7, 3, 8], "texture": "block"},
				"west": {"uv": [2, 7, 3, 8], "texture": "block"},
				"up": {"uv": [3, 7, 2, 8], "rotation": 180, "texture": "block"},
				"down": {"uv": [2, 7, 3, 8], "texture": "block"}
			}
		},
		{
			"name": "diamond_sword_35",
			"from": [3, 8, 7.5],
			"to": [4, 9, 8.5],
			"faces": {
				"north": {"uv": [3, 8, 4, 7], "rotation": 180, "texture": "block"},
				"east": {"uv": [3, 7, 4, 8], "texture": "block"},
				"south": {"uv": [3, 7, 4, 8], "texture": "block"},
				"west": {"uv": [3, 7, 4, 8], "texture": "block"},
				"up": {"uv": [4, 7, 3, 8], "rotation": 180, "texture": "block"},
				"down": {"uv": [3, 7, 4, 8], "texture": "block"}
			}
		},
		{
			"name": "diamond_sword_36",
			"from": [4, 8, 7.5],
			"to": [5, 9, 8.5],
			"faces": {
				"north": {"uv": [4, 8, 5, 7], "rotation": 180, "texture": "block"},
				"east": {"uv": [4, 7, 5, 8], "texture": "block"},
				"south": {"uv": [4, 7, 5, 8], "texture": "block"},
				"west": {"uv": [4, 7, 5, 8], "texture": "block"},
				"up": {"uv": [5, 7, 4, 8], "rotation": 180, "texture": "block"},
				"down": {"uv": [4, 7, 5, 8], "texture": "block"}
			}
		},
		{
			"name": "diamond_sword_37",
			"from": [6, 8, 7.5],
			"to": [7, 9, 8.5],
			"faces": {
				"north": {"uv": [6, 8, 7, 7], "rotation": 180, "texture": "block"},
				"east": {"uv": [6, 7, 7, 8], "texture": "block"},
				"south": {"uv": [6, 7, 7, 8], "texture": "block"},
				"west": {"uv": [6, 7, 7, 8], "texture": "block"},
				"up": {"uv": [7, 7, 6, 8], "rotation": 180, "texture": "block"},
				"down": {"uv": [6, 7, 7, 8], "texture": "block"}
			}
		},
		{
			"name": "diamond_sword_38",
			"from": [7, 8, 7.5],
			"to": [8, 9, 8.5],
			"faces": {
				"north": {"uv": [7, 8, 8, 7], "rotation": 180, "texture": "block"},
				"east": {"uv": [7, 7, 8, 8], "texture": "block"},
				"south": {"uv": [7, 7, 8, 8], "texture": "block"},
				"west": {"uv": [7, 7, 8, 8], "texture": "block"},
				"up": {"uv": [8, 7, 7, 8], "rotation": 180, "texture": "block"},
				"down": {"uv": [7, 7, 8, 8], "texture": "block"}
			}
		},
		{
			"name": "diamond_sword_39",
			"from": [8, 8, 7.5],
			"to": [9, 9, 8.5],
			"faces": {
				"north": {"uv": [8, 8, 9, 7], "rotation": 180, "texture": "block"},
				"east": {"uv": [8, 7, 9, 8], "texture": "block"},
				"south": {"uv": [8, 7, 9, 8], "texture": "block"},
				"west": {"uv": [8, 7, 9, 8], "texture": "block"},
				"up": {"uv": [9, 7, 8, 8], "rotation": 180, "texture": "block"},
				"down": {"uv": [8, 7, 9, 8], "texture": "block"}
			}
		},
		{
			"name": "diamond_sword_40",
			"from": [9, 8, 7.5],
			"to": [10, 9, 8.5],
			"faces": {
				"north": {"uv": [9, 8, 10, 7], "rotation": 180, "texture": "block"},
				"east": {"uv": [9, 7, 10, 8], "texture": "block"},
				"south": {"uv": [9, 7, 10, 8], "texture": "block"},
				"west": {"uv": [9, 7, 10, 8], "texture": "block"},
				"up": {"uv": [10, 7, 9, 8], "rotation": 180, "texture": "block"},
				"down": {"uv": [9, 7, 10, 8], "texture": "block"}
			}
		},
		{
			"name": "diamond_sword_41",
			"from": [10, 8, 7.5],
			"to": [11, 9, 8.5],
			"faces": {
				"north": {"uv": [10, 8, 11, 7], "rotation": 180, "texture": "block"},
				"east": {"uv": [10, 7, 11, 8], "texture": "block"},
				"south": {"uv": [10, 7, 11, 8], "texture": "block"},
				"west": {"uv": [10, 7, 11, 8], "texture": "block"},
				"up": {"uv": [11, 7, 10, 8], "rotation": 180, "texture": "block"},
				"down": {"uv": [10, 7, 11, 8], "texture": "block"}
			}
		},
		{
			"name": "diamond_sword_42",
			"from": [3, 7, 7.5],
			"to": [4, 8, 8.5],
			"faces": {
				"north": {"uv": [3, 9, 4, 8], "rotation": 180, "texture": "block"},
				"east": {"uv": [3, 8, 4, 9], "texture": "block"},
				"south": {"uv": [3, 8, 4, 9], "texture": "block"},
				"west": {"uv": [3, 8, 4, 9], "texture": "block"},
				"up": {"uv": [4, 8, 3, 9], "rotation": 180, "texture": "block"},
				"down": {"uv": [3, 8, 4, 9], "texture": "block"}
			}
		},
		{
			"name": "diamond_sword_43",
			"from": [4, 7, 7.5],
			"to": [5, 8, 8.5],
			"faces": {
				"north": {"uv": [4, 9, 5, 8], "rotation": 180, "texture": "block"},
				"east": {"uv": [4, 8, 5, 9], "texture": "block"},
				"south": {"uv": [4, 8, 5, 9], "texture": "block"},
				"west": {"uv": [4, 8, 5, 9], "texture": "block"},
				"up": {"uv": [5, 8, 4, 9], "rotation": 180, "texture": "block"},
				"down": {"uv": [4, 8, 5, 9], "texture": "block"}
			}
		},
		{
			"name": "diamond_sword_44",
			"from": [5, 7, 7.5],
			"to": [6, 8, 8.5],
			"faces": {
				"north": {"uv": [5, 9, 6, 8], "rotation": 180, "texture": "block"},
				"east": {"uv": [5, 8, 6, 9], "texture": "block"},
				"south": {"uv": [5, 8, 6, 9], "texture": "block"},
				"west": {"uv": [5, 8, 6, 9], "texture": "block"},
				"up": {"uv": [6, 8, 5, 9], "rotation": 180, "texture": "block"},
				"down": {"uv": [5, 8, 6, 9], "texture": "block"}
			}
		},
		{
			"name": "diamond_sword_45",
			"from": [6, 7, 7.5],
			"to": [7, 8, 8.5],
			"faces": {
				"north": {"uv": [6, 9, 7, 8], "rotation": 180, "texture": "block"},
				"east": {"uv": [6, 8, 7, 9], "texture": "block"},
				"south": {"uv": [6, 8, 7, 9], "texture": "block"},
				"west": {"uv": [6, 8, 7, 9], "texture": "block"},
				"up": {"uv": [7, 8, 6, 9], "rotation": 180, "texture": "block"},
				"down": {"uv": [6, 8, 7, 9], "texture": "block"}
			}
		},
		{
			"name": "diamond_sword_46",
			"from": [7, 7, 7.5],
			"to": [8, 8, 8.5],
			"faces": {
				"north": {"uv": [7, 9, 8, 8], "rotation": 180, "texture": "block"},
				"east": {"uv": [7, 8, 8, 9], "texture": "block"},
				"south": {"uv": [7, 8, 8, 9], "texture": "block"},
				"west": {"uv": [7, 8, 8, 9], "texture": "block"},
				"up": {"uv": [8, 8, 7, 9], "rotation": 180, "texture": "block"},
				"down": {"uv": [7, 8, 8, 9], "texture": "block"}
			}
		},
		{
			"name": "diamond_sword_47",
			"from": [8, 7, 7.5],
			"to": [9, 8, 8.5],
			"faces": {
				"north": {"uv": [8, 9, 9, 8], "rotation": 180, "texture": "block"},
				"east": {"uv": [8, 8, 9, 9], "texture": "block"},
				"south": {"uv": [8, 8, 9, 9], "texture": "block"},
				"west": {"uv": [8, 8, 9, 9], "texture": "block"},
				"up": {"uv": [9, 8, 8, 9], "rotation": 180, "texture": "block"},
				"down": {"uv": [8, 8, 9, 9], "texture": "block"}
			}
		},
		{
			"name": "diamond_sword_48",
			"from": [9, 7, 7.5],
			"to": [10, 8, 8.5],
			"faces": {
				"north": {"uv": [9, 9, 10, 8], "rotation": 180, "texture": "block"},
				"east": {"uv": [9, 8, 10, 9], "texture": "block"},
				"south": {"uv": [9, 8, 10, 9], "texture": "block"},
				"west": {"uv": [9, 8, 10, 9], "texture": "block"},
				"up": {"uv": [10, 8, 9, 9], "rotation": 180, "texture": "block"},
				"down": {"uv": [9, 8, 10, 9], "texture": "block"}
			}
		},
		{
			"name": "diamond_sword_49",
			"from": [3, 6, 7.5],
			"to": [4, 7, 8.5],
			"faces": {
				"north": {"uv": [3, 10, 4, 9], "rotation": 180, "texture": "block"},
				"east": {"uv": [3, 9, 4, 10], "texture": "block"},
				"south": {"uv": [3, 9, 4, 10], "texture": "block"},
				"west": {"uv": [3, 9, 4, 10], "texture": "block"},
				"up": {"uv": [4, 9, 3, 10], "rotation": 180, "texture": "block"},
				"down": {"uv": [3, 9, 4, 10], "texture": "block"}
			}
		},
		{
			"name": "diamond_sword_50",
			"from": [4, 6, 7.5],
			"to": [5, 7, 8.5],
			"faces": {
				"north": {"uv": [4, 10, 5, 9], "rotation": 180, "texture": "block"},
				"east": {"uv": [4, 9, 5, 10], "texture": "block"},
				"south": {"uv": [4, 9, 5, 10], "texture": "block"},
				"west": {"uv": [4, 9, 5, 10], "texture": "block"},
				"up": {"uv": [5, 9, 4, 10], "rotation": 180, "texture": "block"},
				"down": {"uv": [4, 9, 5, 10], "texture": "block"}
			}
		},
		{
			"name": "diamond_sword_51",
			"from": [5, 6, 7.5],
			"to": [6, 7, 8.5],
			"faces": {
				"north": {"uv": [5, 10, 6, 9], "rotation": 180, "texture": "block"},
				"east": {"uv": [5, 9, 6, 10], "texture": "block"},
				"south": {"uv": [5, 9, 6, 10], "texture": "block"},
				"west": {"uv": [5, 9, 6, 10], "texture": "block"},
				"up": {"uv": [6, 9, 5, 10], "rotation": 180, "texture": "block"},
				"down": {"uv": [5, 9, 6, 10], "texture": "block"}
			}
		},
		{
			"name": "diamond_sword_52",
			"from": [6, 6, 7.5],
			"to": [7, 7, 8.5],
			"faces": {
				"north": {"uv": [6, 10, 7, 9], "rotation": 180, "texture": "block"},
				"east": {"uv": [6, 9, 7, 10], "texture": "block"},
				"south": {"uv": [6, 9, 7, 10], "texture": "block"},
				"west": {"uv": [6, 9, 7, 10], "texture": "block"},
				"up": {"uv": [7, 9, 6, 10], "rotation": 180, "texture": "block"},
				"down": {"uv": [6, 9, 7, 10], "texture": "block"}
			}
		},
		{
			"name": "diamond_sword_53",
			"from": [7, 6, 7.5],
			"to": [8, 7, 8.5],
			"faces": {
				"north": {"uv": [7, 10, 8, 9], "rotation": 180, "texture": "block"},
				"east": {"uv": [7, 9, 8, 10], "texture": "block"},
				"south": {"uv": [7, 9, 8, 10], "texture": "block"},
				"west": {"uv": [7, 9, 8, 10], "texture": "block"},
				"up": {"uv": [8, 9, 7, 10], "rotation": 180, "texture": "block"},
				"down": {"uv": [7, 9, 8, 10], "texture": "block"}
			}
		},
		{
			"name": "diamond_sword_54",
			"from": [8, 6, 7.5],
			"to": [9, 7, 8.5],
			"faces": {
				"north": {"uv": [8, 10, 9, 9], "rotation": 180, "texture": "block"},
				"east": {"uv": [8, 9, 9, 10], "texture": "block"},
				"south": {"uv": [8, 9, 9, 10], "texture": "block"},
				"west": {"uv": [8, 9, 9, 10], "texture": "block"},
				"up": {"uv": [9, 9, 8, 10], "rotation": 180, "texture": "block"},
				"down": {"uv": [8, 9, 9, 10], "texture": "block"}
			}
		},
		{
			"name": "diamond_sword_55",
			"from": [4, 5, 7.5],
			"to": [5, 6, 8.5],
			"faces": {
				"north": {"uv": [4, 11, 5, 10], "rotation": 180, "texture": "block"},
				"east": {"uv": [4, 10, 5, 11], "texture": "block"},
				"south": {"uv": [4, 10, 5, 11], "texture": "block"},
				"west": {"uv": [4, 10, 5, 11], "texture": "block"},
				"up": {"uv": [5, 10, 4, 11], "rotation": 180, "texture": "block"},
				"down": {"uv": [4, 10, 5, 11], "texture": "block"}
			}
		},
		{
			"name": "diamond_sword_56",
			"from": [5, 5, 7.5],
			"to": [6, 6, 8.5],
			"faces": {
				"north": {"uv": [5, 11, 6, 10], "rotation": 180, "texture": "block"},
				"east": {"uv": [5, 10, 6, 11], "texture": "block"},
				"south": {"uv": [5, 10, 6, 11], "texture": "block"},
				"west": {"uv": [5, 10, 6, 11], "texture": "block"},
				"up": {"uv": [6, 10, 5, 11], "rotation": 180, "texture": "block"},
				"down": {"uv": [5, 10, 6, 11], "texture": "block"}
			}
		},
		{
			"name": "diamond_sword_57",
			"from": [6, 5, 7.5],
			"to": [7, 6, 8.5],
			"faces": {
				"north": {"uv": [6, 11, 7, 10], "rotation": 180, "texture": "block"},
				"east": {"uv": [6, 10, 7, 11], "texture": "block"},
				"south": {"uv": [6, 10, 7, 11], "texture": "block"},
				"west": {"uv": [6, 10, 7, 11], "texture": "block"},
				"up": {"uv": [7, 10, 6, 11], "rotation": 180, "texture": "block"},
				"down": {"uv": [6, 10, 7, 11], "texture": "block"}
			}
		},
		{
			"name": "diamond_sword_58",
			"from": [7, 5, 7.5],
			"to": [8, 6, 8.5],
			"faces": {
				"north": {"uv": [7, 11, 8, 10], "rotation": 180, "texture": "block"},
				"east": {"uv": [7, 10, 8, 11], "texture": "block"},
				"south": {"uv": [7, 10, 8, 11], "texture": "block"},
				"west": {"uv": [7, 10, 8, 11], "texture": "block"},
				"up": {"uv": [8, 10, 7, 11], "rotation": 180, "texture": "block"},
				"down": {"uv": [7, 10, 8, 11], "texture": "block"}
			}
		},
		{
			"name": "diamond_sword_59",
			"from": [3, 4, 7.5],
			"to": [4, 5, 8.5],
			"faces": {
				"north": {"uv": [3, 12, 4, 11], "rotation": 180, "texture": "block"},
				"east": {"uv": [3, 11, 4, 12], "texture": "block"},
				"south": {"uv": [3, 11, 4, 12], "texture": "block"},
				"west": {"uv": [3, 11, 4, 12], "texture": "block"},
				"up": {"uv": [4, 11, 3, 12], "rotation": 180, "texture": "block"},
				"down": {"uv": [3, 11, 4, 12], "texture": "block"}
			}
		},
		{
			"name": "diamond_sword_60",
			"from": [4, 4, 7.5],
			"to": [5, 5, 8.5],
			"faces": {
				"north": {"uv": [4, 12, 5, 11], "rotation": 180, "texture": "block"},
				"east": {"uv": [4, 11, 5, 12], "texture": "block"},
				"south": {"uv": [4, 11, 5, 12], "texture": "block"},
				"west": {"uv": [4, 11, 5, 12], "texture": "block"},
				"up": {"uv": [5, 11, 4, 12], "rotation": 180, "texture": "block"},
				"down": {"uv": [4, 11, 5, 12], "texture": "block"}
			}
		},
		{
			"name": "diamond_sword_61",
			"from": [5, 4, 7.5],
			"to": [6, 5, 8.5],
			"faces": {
				"north": {"uv": [5, 12, 6, 11], "rotation": 180, "texture": "block"},
				"east": {"uv": [5, 11, 6, 12], "texture": "block"},
				"south": {"uv": [5, 11, 6, 12], "texture": "block"},
				"west": {"uv": [5, 11, 6, 12], "texture": "block"},
				"up": {"uv": [6, 11, 5, 12], "rotation": 180, "texture": "block"},
				"down": {"uv": [5, 11, 6, 12], "texture": "block"}
			}
		},
		{
			"name": "diamond_sword_62",
			"from": [6, 4, 7.5],
			"to": [7, 5, 8.5],
			"faces": {
				"north": {"uv": [6, 12, 7, 11], "rotation": 180, "texture": "block"},
				"east": {"uv": [6, 11, 7, 12], "texture": "block"},
				"south": {"uv": [6, 11, 7, 12], "texture": "block"},
				"west": {"uv": [6, 11, 7, 12], "texture": "block"},
				"up": {"uv": [7, 11, 6, 12], "rotation": 180, "texture": "block"},
				"down": {"uv": [6, 11, 7, 12], "texture": "block"}
			}
		},
		{
			"name": "diamond_sword_63",
			"from": [7, 4, 7.5],
			"to": [8, 5, 8.5],
			"faces": {
				"north": {"uv": [7, 12, 8, 11], "rotation": 180, "texture": "block"},
				"east": {"uv": [7, 11, 8, 12], "texture": "block"},
				"south": {"uv": [7, 11, 8, 12], "texture": "block"},
				"west": {"uv": [7, 11, 8, 12], "texture": "block"},
				"up": {"uv": [8, 11, 7, 12], "rotation": 180, "texture": "block"},
				"down": {"uv": [7, 11, 8, 12], "texture": "block"}
			}
		},
		{
			"name": "diamond_sword_64",
			"from": [8, 4, 7.5],
			"to": [9, 5, 8.5],
			"faces": {
				"north": {"uv": [8, 12, 9, 11], "rotation": 180, "texture": "block"},
				"east": {"uv": [8, 11, 9, 12], "texture": "block"},
				"south": {"uv": [8, 11, 9, 12], "texture": "block"},
				"west": {"uv": [8, 11, 9, 12], "texture": "block"},
				"up": {"uv": [9, 11, 8, 12], "rotation": 180, "texture": "block"},
				"down": {"uv": [8, 11, 9, 12], "texture": "block"}
			}
		},
		{
			"name": "diamond_sword_65",
			"from": [2, 3, 7.5],
			"to": [3, 4, 8.5],
			"faces": {
				"north": {"uv": [2, 13, 3, 12], "rotation": 180, "texture": "block"},
				"east": {"uv": [2, 12, 3, 13], "texture": "block"},
				"south": {"uv": [2, 12, 3, 13], "texture": "block"},
				"west": {"uv": [2, 12, 3, 13], "texture": "block"},
				"up": {"uv": [3, 12, 2, 13], "rotation": 180, "texture": "block"},
				"down": {"uv": [2, 12, 3, 13], "texture": "block"}
			}
		},
		{
			"name": "diamond_sword_66",
			"from": [3, 3, 7.5],
			"to": [4, 4, 8.5],
			"faces": {
				"north": {"uv": [3, 13, 4, 12], "rotation": 180, "texture": "block"},
				"east": {"uv": [3, 12, 4, 13], "texture": "block"},
				"south": {"uv": [3, 12, 4, 13], "texture": "block"},
				"west": {"uv": [3, 12, 4, 13], "texture": "block"},
				"up": {"uv": [4, 12, 3, 13], "rotation": 180, "texture": "block"},
				"down": {"uv": [3, 12, 4, 13], "texture": "block"}
			}
		},
		{
			"name": "diamond_sword_67",
			"from": [4, 3, 7.5],
			"to": [5, 4, 8.5],
			"faces": {
				"north": {"uv": [4, 13, 5, 12], "rotation": 180, "texture": "block"},
				"east": {"uv": [4, 12, 5, 13], "texture": "block"},
				"south": {"uv": [4, 12, 5, 13], "texture": "block"},
				"west": {"uv": [4, 12, 5, 13], "texture": "block"},
				"up": {"uv": [5, 12, 4, 13], "rotation": 180, "texture": "block"},
				"down": {"uv": [4, 12, 5, 13], "texture": "block"}
			}
		},
		{
			"name": "diamond_sword_68",
			"from": [6, 3, 7.5],
			"to": [7, 4, 8.5],
			"faces": {
				"north": {"uv": [6, 13, 7, 12], "rotation": 180, "texture": "block"},
				"east": {"uv": [6, 12, 7, 13], "texture": "block"},
				"south": {"uv": [6, 12, 7, 13], "texture": "block"},
				"west": {"uv": [6, 12, 7, 13], "texture": "block"},
				"up": {"uv": [7, 12, 6, 13], "rotation": 180, "texture": "block"},
				"down": {"uv": [6, 12, 7, 13], "texture": "block"}
			}
		},
		{
			"name": "diamond_sword_69",
			"from": [7, 3, 7.5],
			"to": [8, 4, 8.5],
			"faces": {
				"north": {"uv": [7, 13, 8, 12], "rotation": 180, "texture": "block"},
				"east": {"uv": [7, 12, 8, 13], "texture": "block"},
				"south": {"uv": [7, 12, 8, 13], "texture": "block"},
				"west": {"uv": [7, 12, 8, 13], "texture": "block"},
				"up": {"uv": [8, 12, 7, 13], "rotation": 180, "texture": "block"},
				"down": {"uv": [7, 12, 8, 13], "texture": "block"}
			}
		},
		{
			"name": "diamond_sword_70",
			"from": [8, 3, 7.5],
			"to": [9, 4, 8.5],
			"faces": {
				"north": {"uv": [8, 13, 9, 12], "rotation": 180, "texture": "block"},
				"east": {"uv": [8, 12, 9, 13], "texture": "block"},
				"south": {"uv": [8, 12, 9, 13], "texture": "block"},
				"west": {"uv": [8, 12, 9, 13], "texture": "block"},
				"up": {"uv": [9, 12, 8, 13], "rotation": 180, "texture": "block"},
				"down": {"uv": [8, 12, 9, 13], "texture": "block"}
			}
		},
		{
			"name": "diamond_sword_71",
			"from": [9, 3, 7.5],
			"to": [10, 4, 8.5],
			"faces": {
				"north": {"uv": [9, 13, 10, 12], "rotation": 180, "texture": "block"},
				"east": {"uv": [9, 12, 10, 13], "texture": "block"},
				"south": {"uv": [9, 12, 10, 13], "texture": "block"},
				"west": {"uv": [9, 12, 10, 13], "texture": "block"},
				"up": {"uv": [10, 12, 9, 13], "rotation": 180, "texture": "block"},
				"down": {"uv": [9, 12, 10, 13], "texture": "block"}
			}
		},
		{
			"name": "diamond_sword_72",
			"from": [0, 2, 7.5],
			"to": [1, 3, 8.5],
			"faces": {
				"north": {"uv": [0, 14, 1, 13], "rotation": 180, "texture": "block"},
				"east": {"uv": [0, 13, 1, 14], "texture": "block"},
				"south": {"uv": [0, 13, 1, 14], "texture": "block"},
				"west": {"uv": [0, 13, 1, 14], "texture": "block"},
				"up": {"uv": [1, 13, 0, 14], "rotation": 180, "texture": "block"},
				"down": {"uv": [0, 13, 1, 14], "texture": "block"}
			}
		},
		{
			"name": "diamond_sword_73",
			"from": [1, 2, 7.5],
			"to": [2, 3, 8.5],
			"faces": {
				"north": {"uv": [1, 14, 2, 13], "rotation": 180, "texture": "block"},
				"east": {"uv": [1, 13, 2, 14], "texture": "block"},
				"south": {"uv": [1, 13, 2, 14], "texture": "block"},
				"west": {"uv": [1, 13, 2, 14], "texture": "block"},
				"up": {"uv": [2, 13, 1, 14], "rotation": 180, "texture": "block"},
				"down": {"uv": [1, 13, 2, 14], "texture": "block"}
			}
		},
		{
			"name": "diamond_sword_74",
			"from": [2, 2, 7.5],
			"to": [3, 3, 8.5],
			"faces": {
				"north": {"uv": [2, 14, 3, 13], "rotation": 180, "texture": "block"},
				"east": {"uv": [2, 13, 3, 14], "texture": "block"},
				"south": {"uv": [2, 13, 3, 14], "texture": "block"},
				"west": {"uv": [2, 13, 3, 14], "texture": "block"},
				"up": {"uv": [3, 13, 2, 14], "rotation": 180, "texture": "block"},
				"down": {"uv": [2, 13, 3, 14], "texture": "block"}
			}
		},
		{
			"name": "diamond_sword_75",
			"from": [3, 2, 7.5],
			"to": [4, 3, 8.5],
			"faces": {
				"north": {"uv": [3, 14, 4, 13], "rotation": 180, "texture": "block"},
				"east": {"uv": [3, 13, 4, 14], "texture": "block"},
				"south": {"uv": [3, 13, 4, 14], "texture": "block"},
				"west": {"uv": [3, 13, 4, 14], "texture": "block"},
				"up": {"uv": [4, 13, 3, 14], "rotation": 180, "texture": "block"},
				"down": {"uv": [3, 13, 4, 14], "texture": "block"}
			}
		},
		{
			"name": "diamond_sword_76",
			"from": [8, 2, 7.5],
			"to": [9, 3, 8.5],
			"faces": {
				"north": {"uv": [8, 14, 9, 13], "rotation": 180, "texture": "block"},
				"east": {"uv": [8, 13, 9, 14], "texture": "block"},
				"south": {"uv": [8, 13, 9, 14], "texture": "block"},
				"west": {"uv": [8, 13, 9, 14], "texture": "block"},
				"up": {"uv": [9, 13, 8, 14], "rotation": 180, "texture": "block"},
				"down": {"uv": [8, 13, 9, 14], "texture": "block"}
			}
		},
		{
			"name": "diamond_sword_77",
			"from": [9, 2, 7.5],
			"to": [10, 3, 8.5],
			"faces": {
				"north": {"uv": [9, 14, 10, 13], "rotation": 180, "texture": "block"},
				"east": {"uv": [9, 13, 10, 14], "texture": "block"},
				"south": {"uv": [9, 13, 10, 14], "texture": "block"},
				"west": {"uv": [9, 13, 10, 14], "texture": "block"},
				"up": {"uv": [10, 13, 9, 14], "rotation": 180, "texture": "block"},
				"down": {"uv": [9, 13, 10, 14], "texture": "block"}
			}
		},
		{
			"name": "diamond_sword_78",
			"from": [0, 1, 7.5],
			"to": [1, 2, 8.5],
			"faces": {
				"north": {"uv": [0, 15, 1, 14], "rotation": 180, "texture": "block"},
				"east": {"uv": [0, 14, 1, 15], "texture": "block"},
				"south": {"uv": [0, 14, 1, 15], "texture": "block"},
				"west": {"uv": [0, 14, 1, 15], "texture": "block"},
				"up": {"uv": [1, 14, 0, 15], "rotation": 180, "texture": "block"},
				"down": {"uv": [0, 14, 1, 15], "texture": "block"}
			}
		},
		{
			"name": "diamond_sword_79",
			"from": [1, 1, 7.5],
			"to": [2, 2, 8.5],
			"faces": {
				"north": {"uv": [1, 15, 2, 14], "rotation": 180, "texture": "block"},
				"east": {"uv": [1, 14, 2, 15], "texture": "block"},
				"south": {"uv": [1, 14, 2, 15], "texture": "block"},
				"west": {"uv": [1, 14, 2, 15], "texture": "block"},
				"up": {"uv": [2, 14, 1, 15], "rotation": 180, "texture": "block"},
				"down": {"uv": [1, 14, 2, 15], "texture": "block"}
			}
		},
		{
			"name": "diamond_sword_80",
			"from": [2, 1, 7.5],
			"to": [3, 2, 8.5],
			"faces": {
				"north": {"uv": [2, 15, 3, 14], "rotation": 180, "texture": "block"},
				"east": {"uv": [2, 14, 3, 15], "texture": "block"},
				"south": {"uv": [2, 14, 3, 15], "texture": "block"},
				"west": {"uv": [2, 14, 3, 15], "texture": "block"},
				"up": {"uv": [3, 14, 2, 15], "rotation": 180, "texture": "block"},
				"down": {"uv": [2, 14, 3, 15], "texture": "block"}
			}
		},
		{
			"name": "diamond_sword_81",
			"from": [0, 0, 7.5],
			"to": [1, 1, 8.5],
			"faces": {
				"north": {"uv": [0, 16, 1, 15], "rotation": 180, "texture": "block"},
				"east": {"uv": [0, 15, 1, 16], "texture": "block"},
				"south": {"uv": [0, 15, 1, 16], "texture": "block"},
				"west": {"uv": [0, 15, 1, 16], "texture": "block"},
				"up": {"uv": [1, 15, 0, 16], "rotation": 180, "texture": "block"},
				"down": {"uv": [0, 15, 1, 16], "texture": "block"}
			}
		},
		{
			"name": "diamond_sword_82",
			"from": [1, 0, 7.5],
			"to": [2, 1, 8.5],
			"faces": {
				"north": {"uv": [1, 16, 2, 15], "rotation": 180, "texture": "block"},
				"east": {"uv": [1, 15, 2, 16], "texture": "block"},
				"south": {"uv": [1, 15, 2, 16], "texture": "block"},
				"west": {"uv": [1, 15, 2, 16], "texture": "block"},
				"up": {"uv": [2, 15, 1, 16], "rotation": 180, "texture": "block"},
				"down": {"uv": [1, 15, 2, 16], "texture": "block"}
			}
		},
		{
			"name": "diamond_sword_83",
			"from": [2, 0, 7.5],
			"to": [3, 1, 8.5],
			"faces": {
				"north": {"uv": [2, 16, 3, 15], "rotation": 180, "texture": "block"},
				"east": {"uv": [2, 15, 3, 16], "texture": "block"},
				"south": {"uv": [2, 15, 3, 16], "texture": "block"},
				"west": {"uv": [2, 15, 3, 16], "texture": "block"},
				"up": {"uv": [3, 15, 2, 16], "rotation": 180, "texture": "block"},
				"down": {"uv": [2, 15, 3, 16], "texture": "block"}
			}
		}
	],
	"groups": [
		{
			"name": "diamond_sword",
			"origin": [8, 8, 8],
			"children": [0, 1, 2, 3, 4, 5, 6, 7, 8, 9, 10, 11, 12, 13, 14, 15, 16, 17, 18, 19, 20, 21, 22, 23, 24, 25, 26, 27, 28, 29, 30, 31, 32, 33, 34, 35, 36, 37, 38, 39, 40, 41, 42, 43, 44, 45, 46, 47, 48, 49, 50, 51, 52, 53, 54, 55, 56, 57, 58, 59, 60, 61, 62, 63, 64, 65, 66, 67, 68, 69, 70, 71, 72, 73, 74, 75, 76, 77, 78, 79, 80, 81, 82, 83]
		}
	]
}